,country,director,major character,title,type,year
0,美国,弗兰克·德拉邦特,蒂姆·罗宾斯 Tim Robbins /..,肖申克的救赎 / The Shawshank Redemption / 月黑高飞(港)  /  刺激1995(台),犯罪 剧情,1994
1,中国大陆 中国香港,陈凯歌,张国荣 Leslie Cheung / 张丰毅 Fengyi Zha..,"霸王别姬 / 再见,我的妾  /  Farewell My Concubine",剧情 爱情 同性,1993
2,美国,罗伯特·泽米吉斯,汤姆·汉克斯 Tom Hanks / ..,阿甘正传 / Forrest Gump / 福雷斯特·冈普,剧情 爱情,1994
3,法国 美国,吕克·贝松,让·雷诺 Jean Reno / 娜塔莉·波特曼 ..,这个杀手不太冷 / Léon / 杀手莱昂  /  终极追杀令(台),剧情 动作 犯罪,1994
4,美国,詹姆斯·卡梅隆,莱昂纳多·迪卡普里奥 Leonardo..,泰坦尼克号 / Titanic / 铁达尼号(港 / 台),剧情 爱情 灾难,1997
5,意大利,罗伯托·贝尼尼,罗伯托·贝尼尼 Roberto Beni..,美丽人生 / La vita è bella / 一个快乐的传说(港)  /  Life Is Beautiful,剧情 喜剧 爱情 战争,1997
6,日本,宫崎骏,柊瑠美 Rumi Hîragi / 入野自由 Miy..,千与千寻 / 千と千尋の神隠し / 神隐少女(台)  /  千与千寻的神隐,剧情 动画 奇幻,2001
7,美国,史蒂文·斯皮尔伯格,连姆·尼森 Liam Neeson..,辛德勒的名单 / Schindler's List / 舒特拉的名单(港)  /  辛德勒名单,剧情 历史 战争,1993
8,美国 英国,克里斯托弗·诺兰,莱昂纳多·迪卡普里奥 Le..,盗梦空间 / Inception / 潜行凶间(港)  /  全面启动(台),剧情 科幻 悬疑 冒险,2010
9,美国 英国,莱塞·霍尔斯道姆,理查·基尔 Richard Ger..,忠犬八公的故事 / Hachi: A Dog's Tale / 秋田犬八千(港)  /  忠犬小八(台),剧情,2009
10,意大利,朱塞佩·托纳多雷,蒂姆·罗斯 Tim Roth / ..,海上钢琴师 / La leggenda del pianista sull'oceano / 声光伴我飞(港)  /  一九零零的传奇,剧情 音乐,1998
11,美国,彼得·威尔,金·凯瑞 Jim Carrey / 劳拉·琳妮 Lau..,楚门的世界 / The Truman Show / 真人Show(港)  /  真人戏,剧情 科幻,1998
12,美国 英国 加拿大 冰岛,克里斯托弗·诺兰,马修·麦康纳 Matthew Mc..,星际穿越 / Interstellar / 星际启示录(港)  /  星际效应(台),剧情 科幻 冒险,2014
13,印度,拉库马·希拉尼,阿米尔·汗 Aamir Khan / 卡..,三傻大闹宝莱坞 / 3 Idiots / 三个傻瓜(台)  /  作死不离3兄弟(港),剧情 喜剧 爱情 歌舞,2009
14,美国,安德鲁·斯坦顿,本·贝尔特 Ben Burtt / 艾丽..,机器人总动员 / WALL·E / 太空奇兵·威E(港)  /  瓦力(台),科幻 动画 冒险,2008
15,法国 瑞士 德国,克里斯托夫·巴拉蒂,热拉尔·朱尼奥 Gé..,放牛班的春天 / Les choristes / 歌声伴我心(港)  /  唱诗班男孩,剧情 音乐,2004
16,中国香港 中国大陆,刘镇伟,周星驰 Stephen Chow / 吴孟达 Man Tat Ng..,大话西游之大圣娶亲 / 西遊記大結局之仙履奇緣 / 西游记完结篇仙履奇缘  /  齐天大圣西游记,喜剧 爱情 奇幻 古装,1995
17,韩国,黄东赫,孔侑 Yoo Gong / 郑有美 Yu-mi Jung /..,熔炉 / 도가니 / 无声呐喊(港)  /  漩涡,剧情,2011
18,美国,拜伦·霍华德,金妮弗·..,疯狂动物城 / Zootopia / 优兽大都会(港)  /  动物方城市(台),喜剧 动画 冒险,2016
19,中国香港,刘伟强,,无间道 / 無間道 / Infernal Affairs  /  Mou gaan dou,剧情 犯罪 悬疑,2002
20,日本,宫崎骏,日高法子 Noriko Hidaka / 坂本千夏 Ch..,龙猫 / となりのトトロ / 邻居托托罗  /  邻家的豆豆龙,动画 奇幻 冒险,1988
21,美国,弗朗西斯·福特·科波拉,马龙·白兰度 M..,教父 / The Godfather / Mario Puzo's The Godfather,剧情 犯罪,1972
22,美国,加布里尔·穆奇诺,威尔·史密斯 Will Smith ..,当幸福来敲门 / The Pursuit of Happyness / 寻找快乐的故事(港)  /  追求快乐,剧情 传记 家庭,2006
23,美国,罗伯·莱纳,玛德琳·卡罗尔 Madeline Carroll / 卡..,怦然心动 / Flipped / 萌动青春  /  青春萌动,剧情 喜剧 爱情,2010
24,法国,奥利维·那卡什,,触不可及 / Intouchables / 闪亮人生(港)  /  逆转人生(台),剧情 喜剧,2011
25,美国,比利·怀尔德,泰隆·鲍华 Tyrone Power / 玛琳·..,控方证人 / Witness for the Prosecution / 雄才伟略  /  情妇,剧情 犯罪 悬疑,1957
26,美国 英国,克里斯托弗·诺兰,克里斯蒂安·贝尔 Christ..,蝙蝠侠:黑暗骑士 / The Dark Knight / 蝙蝠侠前传2:黑暗骑士  /  黑暗骑士(台),剧情 动作 科幻 犯罪 惊悚,2008
27,中国大陆 中国香港,张艺谋,,活着 / 人生  /  Lifetimes,剧情 历史 家庭,1994
28,美国,李·昂克里奇,..,寻梦环游记 / Coco / 玩转极乐园(港)  /  可可夜总会(台),喜剧 动画 奇幻 音乐,2017
29,英国 意大利 中国大陆 法国,贝纳尔多·贝托鲁奇,尊龙 John Lone / 陈..,末代皇帝 / The Last Emperor / 末代皇帝溥仪(港),剧情 传记 历史,1987
30,美国,维克多·弗莱明,费..,乱世佳人 / Gone with the Wind / 飘,剧情 历史 爱情 战争,1939
31,黎巴嫩 法国 美国,娜丁·拉巴基,扎因·拉费阿 Zain al-Rafeea / ..,何以为家 / كفرناحوم / 迦百农  /  星仔打官司(港),剧情,2018
32,美国 新西兰,彼得·杰克逊,伊利亚·伍德 Elijah Wood / 西恩..,指环王3:王者无敌 / The Lord of the Rings: The Return of the King / 魔戒三部曲:王者再临(台 / 港),剧情 动作 奇幻 冒险,2003
33,印度,涅提·蒂瓦里,阿米尔·汗 Aamir Khan / 法缇玛..,摔跤吧!爸爸 / Dangal / 我和我的冠军女儿(台)  /  打死不离3父女(港),剧情 传记 运动 家庭,2016
34,美国,彼特·道格特,爱德..,飞屋环游记 / Up / 冲天救兵(港)  /  天外奇迹(台),剧情 喜剧 动画 冒险,2009
35,美国 中国台湾 英国 加拿大,李安,苏拉·沙玛 Suraj Sharma / 伊尔凡·可汗 Irrfan..,少年派的奇幻漂流 / Life of Pi / 少年Pi的奇幻漂流  /  漂流少年Pi,剧情 奇幻 冒险,2012
36,美国,Sidney,亨利·方达 Henry Fonda / 马丁·鲍尔萨姆 Marti..,十二怒汉 / 12 Angry Men / 12怒汉  /  十二怒汉,剧情,1957
37,韩国,李濬益,薛景求 Kyung-gu Sol / 严志媛 Ji-won Uhm ..,素媛 / 소원 / 许愿  /  希望:为爱重生(台),剧情,2013
38,中国大陆,姜文,姜文 Wen Jiang / 香川照之 Teruyuki Kagawa /..,鬼子来了 / Devils on the Doorstep,剧情 喜剧,2000
39,日本,宫崎骏,倍赏千惠子 Chieko Baishô / 木村拓..,哈尔的移动城堡 / ハウルの動く城 / 哈尔移动城堡(港)  /  霍尔的移动城堡(台),动画 奇幻 冒险,2004
40,美国 英国,Chris,,哈利·波特与魔法石 / Harry Potter and the Sorcerer's Stone / 哈利波特1:神秘的魔法石(港 / 台),奇幻 冒险,2001
41,日本,宫崎骏,田中真弓 Mayumi Tanaka / 横泽启子 Ke..,天空之城 / 天空の城ラピュタ / Tenkû no shiro Rapyuta  /  Laputa: Castle in the Sky,动画 奇幻 冒险,1986
42,中国香港 中国大陆,刘镇伟,周星驰 Stephen Chow / 吴孟达 Man Tat Ng..,大话西游之月光宝盒 / 西遊記第壹佰零壹回之月光寶盒 / 西游记101回月光宝盒  /  齐天大圣东游记,喜剧 爱情 奇幻 古装,1995
43,意大利 法国,朱塞佩·托纳多雷,安东内拉·阿蒂利 Anton..,天堂电影院 / Nuovo Cinema Paradiso / 星光伴我心(港)  /  新天堂乐园(台),剧情 爱情,1988
44,美国,威廉·惠勒,奥黛丽·赫本 Audrey Hepburn / 格..,罗马假日 / Roman Holiday / 金枝玉叶(港)  /  罗马假期(台),喜剧 剧情 爱情,1953
45,美国,马丁·布莱斯,阿尔·帕西诺 Al Pacino / 克里斯..,闻香识女人 / Scent of a Woman / 女人香  /  女人的芳香,剧情,1992
46,中国大陆,文牧野,徐峥 Zheng Xu / 王传君 Chuanjun Wang / 周..,我不是药神 / 中国药神  /  印度药神,剧情 喜剧,2018
47,韩国,杨宇硕,宋康昊 Kang-ho Song / 金英爱 Yeong-ae..,辩护人 / 변호인 / 逆权大状(港)  /  正义辩护人(台),剧情,2013
48,美国 德国,大卫·芬奇,爱德华·诺顿 Edward Norton / 布拉..,搏击俱乐部 / Fight Club / 搏击会(港)  /  斗阵俱乐部(台),剧情 动作 悬疑 惊悚,1999
49,美国,弗朗西斯·福特·科波拉,阿尔·帕西诺 A..,教父2 / The Godfather: Part II / 教父续集(港)  /  教父II,剧情 犯罪,1974
50,1964(中国大陆),万籁鸣,邱岳峰 Yuefeng Qiu /..,大闹天宫 / 大闹天宫 上下集  /  The Monkey King,1978(中国大陆),1961(中国大陆)
51,美国,彼得·威尔,罗宾·威廉姆斯 Robin Williams / 罗伯..,死亡诗社 / Dead Poets Society / 暴雨骄阳(港)  /  春风化雨(台),剧情,1989
52,美国,Roger,乔纳森·泰勒·托马..,狮子王 / The Lion King / 狮子王3D,动画 冒险 歌舞,1994
53,美国 新西兰,彼得·杰克逊,伊利亚·伍德 Elijah Wood / 西恩..,指环王2:双塔奇兵 / The Lord of the Rings: The Two Towers / 魔戒二部曲:双城奇谋  /  指环王II:双塔,剧情 动作 奇幻 冒险,2002
54,美国 加拿大,史蒂文·斯皮尔伯格,莱昂纳多·迪卡普里奥 L..,猫鼠游戏 / Catch Me If You Can / 逍遥法外  /  神鬼交锋(台),传记 犯罪 剧情,2002
55,德国,弗洛里安·亨克尔·冯·多纳斯马尔克,,窃听风暴 / Das Leben der Anderen / 窃听者(港)  /  他人的生活,剧情 悬疑,2006
56,新西兰 美国,彼得·杰克逊,伊利亚·伍德 Elijah Wood / 西恩..,指环王1:魔戒再现 / The Lord of the Rings: The Fellowship of the Ring / 魔戒首部曲:魔戒现身  /  指环王I:护戒使者,剧情 动作 奇幻 冒险,2001
57,法国 德国 英国 波兰,罗曼·波兰斯基,艾德里安·布洛迪 Adrien Brod..,钢琴家 / The Pianist / 钢琴战曲(港)  /  战地琴人(台),剧情 传记 历史 战争 音乐,2002
58,美国 澳大利亚,安迪·沃卓斯基,,黑客帝国 / The Matrix / 22世纪杀人网络(港)  /  廿二世纪杀人网络(港),动作 科幻,1999
59,美国,朗·霍华德,罗素·克劳 Russell Crowe / 艾德·哈..,美丽心灵 / A Beautiful Mind / 有你终生美丽(港)  /  美丽境界(台),传记 剧情,2001
60,中国台湾 美国,李安,郎雄 Sihung Lung / 杨贵媚 Kuei-Mei Yang / 吴..,饮食男女 / 飲食男女 / Eat Drink Man Woman,剧情 家庭,1994
61,英国,Guy,,"两杆大烟枪 / Lock, Stock and Two Smoking Barrels / 够姜四小强(港)  /  两根枪管(台)",剧情 喜剧 犯罪,1998
62,美国,米洛斯·福尔曼,杰克·尼科尔森 Jack Nichols..,飞越疯人院 / One Flew Over the Cuckoo's Nest / 飞越杜鹃窝(台)  /  飞越喜鹊巢,剧情,1975
63,中国大陆 中国香港,姜文,姜文 Wen Jiang / 葛优 You Ge / 周润发 Yun-F..,让子弹飞 / 让子弹飞一会儿  /  火烧云,剧情 喜剧 动作 西部,2010
64,美国,大卫·芬奇,凯特·布兰切特 Cate Blanchett / ..,本杰明·巴顿奇事 / The Curious Case of Benjamin Button / 奇幻逆缘(港)  /  班杰明的奇幻旅程(台),剧情 爱情 奇幻,2008
65,美国,彼得·法雷里,维果·莫腾森 Viggo Mortensen /..,绿皮书 / Green Book / 绿簿旅友(港)  /  幸福绿皮书(台),剧情 喜剧 传记,2018
66,西班牙,奥里奥尔·保罗,马里奥·卡萨斯 Mario Casas / 阿..,看不见的客人 / Contratiempo / 死无对证(港)  /  布局(台),剧情 犯罪 悬疑 惊悚,2016
67,意大利 美国,朱塞佩·托纳多雷,莫妮卡·贝鲁奇 Monica ..,西西里的美丽传说 / Malèna / 真爱伴我行(台)  /  玛莲娜,剧情 战争 情色,2000
68,美国,史蒂文·斯皮尔伯格,汤姆·汉克斯 Tom Hanks..,拯救大兵瑞恩 / Saving Private Ryan / 雷霆救兵(港)  /  抢救雷恩大兵(台),剧情 历史 战争,1998
69,德国 瑞士 南非,阿兰·葛斯彭纳,阿努克·斯特芬 Anuk Steffen /..,海蒂和爷爷 / Heidi / 飘零燕(港)  /  海蒂,剧情 冒险 家庭,2015
70,伊朗,马基德·马基迪,法拉赫阿米尔·哈什米安 Amir Fa..,小鞋子 / بچههای آسمان / 天堂的孩子  /  小童鞋,剧情 儿童 家庭,1997
71,英国 美国,马克·赫尔曼,阿萨·巴特菲尔德 Asa Butterfield ..,穿条纹睡衣的男孩 / The Boy in the Striped Pajamas / 穿条纹衣服的男孩  /  穿条纹衣的男孩,剧情 战争,2008
72,日本,岩井俊二,中山美穗 Miho Nakayama / 丰川悦司 Ets..,情书 / Love Letter / When I Close My Eyes  /  Letters of Love,剧情 爱情,1995
73,美国,路易·西霍尤斯,Richard O'Barry / 路易·西霍..,海豚湾 / The Cove / 血色海湾(台)  /  海湾,纪录片,2009
74,美国,罗伯特·怀斯,朱莉·安德鲁斯 Julie Andrews / 克..,音乐之声 / The Sound of Music / 仙乐飘飘处处闻(港)  /  真善美(台),剧情 传记 爱情 歌舞,1965
75,美国 意大利,赛尔乔·莱翁内,罗伯特·德尼罗 Robert De Niro ..,美国往事 / Once Upon a Time in America / 四海兄弟(台)  /  义薄云天(港),犯罪 剧情,1984
76,英国 美国,克里斯托弗·诺兰,休·杰克曼 Hugh Jackman..,致命魔术 / The Prestige / 顶尖对决(台)  /  死亡魔法(港),剧情 悬疑 惊悚,2006
77,美国,昆汀·塔伦蒂诺,约翰·特拉沃尔塔 John Tra..,低俗小说 / Pulp Fiction / 危险人物(港)  /  黑色追缉令(台),剧情 喜剧 犯罪,1994
78,美国,乔纳森·戴米,朱迪·福斯特 Jodie Foster / 安..,沉默的羔羊 / The Silence of the Lambs / 沉默的羔羊,剧情 犯罪 惊悚,1991
79,美国,大卫·芬奇,摩根·弗里曼 Morgan Freeman / 布..,七宗罪 / Se7en / 火线追缉令(台)  /  7宗罪,剧情 犯罪 悬疑 惊悚,1995
80,美国 加拿大,埃里克·布雷斯,,蝴蝶效应 / The Butterfly Effect / 蝴蝶效应,剧情 悬疑 科幻 惊悚,2004
81,美国,Martin,莱昂纳多·迪卡普里奥 Leonardo DiCaprio / ..,禁闭岛 / Shutter Island / 不赦岛(港)  /  隔离岛(台),剧情 悬疑 惊悚,2010
82,美国,格斯·范·桑特,马特·达蒙 Matt Damon / 罗宾·..,心灵捕手 / Good Will Hunting / 骄阳似我(港)  /  心灵捕手,剧情,1997
83,中国香港 日本 韩国,王家卫,张国荣 Leslie Cheung / 梁朝伟 Tony Leu..,春光乍泄 / 春光乍洩 / 一起快乐  /  Happy Together,剧情 爱情 同性,1997
84,美国 德国 英国,韦斯·安德森,拉尔夫·费因斯 Ralph Fiennes / ..,布达佩斯大饭店 / The Grand Budapest Hotel / 布达佩斯大酒店(港)  /  欢迎来到布达佩斯大饭店(台),剧情 喜剧 冒险,2014
85,日本,中岛哲也,中谷美纪 Miki Nakatani / 瑛太 E..,被嫌弃的松子的一生 / 嫌われ松子の一生 / 花样奇缘(港)  /  令人讨厌的松子的一生(台),剧情 歌舞,2006
86,美国,查理·卓别林,查理·卓别林 Charles Chaplin ..,摩登时代 / Modern Times / The Masses  /  Les Temps modernes,剧情 喜剧 爱情,1936
87,美国 英国,詹姆斯·卡梅隆,萨姆·沃辛顿 Sam Worthington ..,阿凡达 / Avatar / 天神下凡(港)  /  化身,动作 科幻 冒险,2009
88,美国,蒂姆·波顿,约翰尼·德普 Johnny Depp / 薇诺娜·..,剪刀手爱德华 / Edward Scissorhands / 幻海奇缘(港)  /  剪刀手爱德华,剧情 奇幻 爱情,1990
89,美国,梅尔·吉布森,梅尔·吉布森 Mel Gibson / 苏菲·玛..,勇敢的心 / Braveheart / 惊世未了缘(港)  /  梅尔吉勃逊之英雄本色(台),动作 传记 剧情 历史 战争,1995
90,中国香港,周星驰,周星驰 Stephen Ch..,喜剧之王 / 喜劇之王 / King of Comedy,喜剧 剧情 爱情,1999
91,美国,詹姆斯·曼高德,约翰·库萨克 John Cusack / 雷..,致命ID / Identity / 杀人游戏  /  致命身份,剧情 悬疑 惊悚,2003
92,美国 英国,大卫·叶茨,丹尼尔·雷德克里夫 Daniel Radcliffe..,哈利·波特与死亡圣器(下) / Harry Potter and the Deathly Hallows: Part 2 / 哈利波特7:死神的圣物2(港 / 台),奇幻 冒险,2011
93,美国,戈尔·维宾斯基,约翰尼·德普 Johnny Depp / ..,加勒比海盗 / Pirates of the Caribbean: The Curse of the Black Pearl / 加勒比海盗1:黑珍珠号的诅咒  /  神鬼奇航:鬼盗船魔咒(台),动作 冒险 奇幻,2003
94,法国 德国,让-皮埃尔·热内,奥黛丽·塔图 Audrey Tau..,天使爱美丽 / Le fabuleux destin d'Amélie Poulain / 艾蜜莉的异想世界(台)  /  天使艾米莉,喜剧 爱情,2001
95,韩国,奉俊昊,宋康昊 Kang-ho Song / 金相庆 Sang-kyun..,杀人回忆 / 살인의 추억 / 谋杀回忆  /  杀手回忆录,剧情 动作 犯罪 悬疑 惊悚,2003
96,美国 加拿大,李安,希斯·莱杰 Heath Ledger / 杰克·吉伦哈尔 Jake..,断背山 / Brokeback Mountain / 断臂山  /  BBM,剧情 爱情 同性 家庭,2005
97,丹麦 瑞典,托马斯·温特伯格,麦斯·米科尔森 Mads Mik..,狩猎 / Jagten / 诬网(港)  /  谎言的烙印(台),剧情,2012
98,意大利 法国 巴西 美国 荷兰 德国,卢卡·瓜达尼诺,艾米·汉莫 Armie Hammer / ..,请以你的名字呼唤我 / Call Me by Your Name / 以你的名字呼唤我(港 / 台),剧情 爱情 同性,2017
99,日本,宫崎骏,松田洋治 Yôji Matsuda / 石田百合..,幽灵公主 / もののけ姫 / 魔法公主(台)  /  幽灵少女,动画 奇幻 冒险,1997
100,韩国,李焕庆,柳承龙 Seung-yong Ryoo / 朴信惠 Shi..,7号房的礼物 / 7번방의 선물 / 戆爸的礼物(港)  /  7号囚房的礼物,剧情 喜剧 家庭,2013
101,中国大陆 中国香港,姜文,,阳光灿烂的日子 / In the Heat of the Sun,剧情 爱情,1994
102,日本,森淳一,桥本爱 Ai Hashimoto / 三浦贵大 Takahir..,小森林 夏秋篇 / リトル・フォレスト 夏・秋 / 小森食光 / 夏秋篇(台),剧情,2014
103,美国,M·奈特·沙马兰,布鲁斯·威利斯 Bruce Wi..,第六感 / The Sixth Sense / 鬼眼(港)  /  灵异第六感(台),剧情 悬疑 惊悚,1999
104,中国香港,王家卫,林青霞 Brigitte Lin / 金城武 Takeshi K..,重庆森林 / 重慶森林 / Chungking Express,剧情 爱情,1994
105,日本,今敏,林原惠美 Megumi Hayashibara / 江守彻 Toru..,红辣椒 / パプリカ / 盗梦侦探(港 / 台),动画 悬疑 科幻 惊悚,2006
106,日本,泷田洋二郎,本木雅弘 Masahiro Motoki / ..,入殓师 / おくりびと / 礼仪师之奏鸣曲(港)  /  礼仪师(台),剧情,2008
107,日本,森淳一,桥本爱 Ai Hashimoto / 三浦贵大 Takahir..,小森林 冬春篇 / リトル・フォレスト 冬・春 / 小森食光 / 冬春篇(台),剧情,2015
108,美国,大卫·芬奇,本·阿弗莱克 Ben Affleck / 罗莎蒙..,消失的爱人 / Gone Girl / 失踪的女孩  /  失踪女孩,剧情 犯罪 悬疑 惊悚,2014
109,美国 奥地利 瑞士,理查德·林克莱特,伊桑·霍克 Ethan Hawke ..,爱在黎明破晓前 / Before Sunrise / 情留半天(港)  /  爱在黎明破晓时(台),剧情 爱情,1995
110,中国台湾 日本,杨德昌,吴念真 / 李凯莉 Kelly Lee / 金燕玲 Elai..,一一 / Yi yi  /  Yi yi: A One and a Two,剧情 爱情 家庭,2000
111,中国香港,李力持,周星驰 Stephen Chow / 巩俐 Li Gong / 陈..,唐伯虎点秋香 / 唐伯虎點秋香 / Flirting Scholar,喜剧 爱情 古装,1993
112,日本,近藤喜文,本名阳子 Youko Honna / 小林桂树 K..,侧耳倾听 / 耳をすませば / 心之谷(台)  /  梦幻街少女(港),剧情 爱情 动画,1995
113,美国,托尼·凯耶,艾德里安·布洛迪 Adrien Brody / 马西..,超脱 / Detachment / 人间师格(台),剧情,2011
114,美国 英国,克里斯托弗·诺兰,克里斯蒂安·贝尔 Christ..,蝙蝠侠:黑暗骑士崛起 / The Dark Knight Rises / 蝙蝠侠前传3:黑暗骑士崛起  /  黑暗骑士:黎明升起(台),剧情 动作 科幻 犯罪 惊悚,2012
115,中国香港,程小东,张国荣 Leslie Cheung / 王祖贤 Joey W..,倩女幽魂 / 倩女幽魂(87版)  /  倩女幽魂:妖魔道,爱情 奇幻 武侠 古装,1987
116,澳大利亚,亚当·艾略特,托妮·科莱特 Toni Collette / 菲利..,玛丽和马克思 / Mary and Max / 巧克力情缘(台)  /  同是天涯寂寞客,剧情 喜剧 动画,2009
117,日本,是枝裕和,柳乐优弥 Yûya Yagira / 北浦爱..,无人知晓 / 誰も知らない / 谁知赤子心(港)  /  无人知晓的夏日清晨(台),剧情,2004
118,中国香港,陈可辛,黎明 Leon Lai / 张曼玉 Maggie Cheung / ..,甜蜜蜜 / Comrades: Almost a Love Story,剧情 爱情,1996
119,日本,大森贵弘,佐仓绫音 Ayane Sakura / 内山昂辉 K..,萤火之森 / 蛍火の杜へ / 萤火之社  /  Hotarubi no mori e,剧情 爱情 动画 奇幻,2011
120,美国,唐·霍尔,斯科特..,超能陆战队 / Big Hero 6 / 大英雄联盟(港)  /  大英雄天团(台),喜剧 动作 科幻 动画 冒险,2014
121,日本,中岛哲也,松隆子 Takako Matsu / 冈田将生 ..,告白 / 自白  /  母亲,剧情 惊悚,2010
122,美国,蒂姆·波顿,伊万·麦克格雷格 Ewan McGregor / 阿..,大鱼 / Big Fish / 大鱼奇缘(港)  /  大智若鱼(台),剧情 家庭 奇幻 冒险,2003
123,韩国,姜炯哲,沈恩京 Eun-kyung Shim / 闵孝琳 Hy..,阳光姐妹淘 / 써니 / 阳光姊妹淘(港)  /  桑尼,剧情 喜剧,2011
124,美国,迪恩·德布洛斯,,驯龙高手 / How to Train Your Dragon / 驯龙记(港),动画 奇幻 冒险,2010
125,日本,米林宏昌,志田未来 Mirai Shida / 神木..,借东西的小人阿莉埃蒂 / 借りぐらしのアリエッティ / 借物少女艾莉缇(台)  /  借东西的小矮人亚莉亚蒂(港),动画 奇幻 冒险,2010
126,中国香港,刘镇伟,梁朝伟 Tony Leung Chiu Wai / 林青霞 Bri..,射雕英雄传之东成西就 / 射鵰英雄傳之東成西就 / 东成西就  /  大英雄 (日本),喜剧 奇幻 武侠 古装,1993
127,日本,北野武,北野武 Takeshi Kitano / 关口雄介 Yus..,菊次郎的夏天 / 菊次郎の夏 / 菊次郎之夏  /  Kikujirô no natsu,剧情 喜剧,1999
128,美国,史蒂文·斯皮尔伯格,汤姆·汉克斯 Tom Hanks..,幸福终点站 / The Terminal / 机场客运站(港)  /  航站情缘(台),喜剧 剧情 爱情,2004
129,美国 法国,理查德·林克莱特,伊桑·霍克 Ethan Hawke ..,爱在日落黄昏时 / Before Sunset / 日落巴黎(港)  /  爱在日落巴黎时(台),剧情 爱情,2004
130,韩国,金秉祐,河正宇 Jung-woo Ha / 李璟荣 Kyeong-y..,恐怖直播 / 더 테러 라이브 / 死亡“动”新闻(港)  /  恐怖攻击直播(台),剧情 犯罪 悬疑,2013
131,美国,克林特·伊斯特伍德,凯文·科斯特纳 Kevin Cos..,完美的世界 / A Perfect World / 强盗保镳,剧情 犯罪,1993
132,中国大陆 中国香港,周星驰,周星驰 Stephen Chow / 元秋 Qiu Yuen / ..,功夫 / 功夫3D  /  Kung Fu Hustle,动作 喜剧 犯罪 奇幻,2004
133,日本,伏原健之,津端修一 Shûichi Tsubata / 津..,人生果实 / 人生フルーツ / 积存时间的生活(台)  /  人生水果,纪录片,2017
134,美国 法国,皮艾尔·柯芬,..,神偷奶爸 / Despicable Me / 卑鄙的我  /  坏蛋奖门人(港),喜剧 动画 冒险,2010
135,美国,彼特·道格特,约..,"怪兽电力公司 / Monsters, Inc. / 怪兽公司(港)  /  怪物公司",儿童 喜剧 动画 奇幻 冒险,2001
136,美国,李·昂克里奇,汤姆·汉克斯 Tom Hanks / 蒂姆·艾..,玩具总动员3 / Toy Story 3 / 反斗奇兵3(港)  /  玩具的故事3,喜剧 动画 奇幻 冒险,2010
137,中国大陆,王树忱,丁建华 Jianhua Din..,天书奇谭 / The Legend of Sealed Book  /  Secrets of the Heavenly Book,动画 奇幻,1983(中国大陆)
138,法国 英国 美国,乔·怀特,凯拉·奈特莉 Keira Knightley / 马修·..,傲慢与偏见 / Pride & Prejudice / 傲慢与偏见2005  /  Pride And Prejudice,剧情 爱情,2005
139,美国 澳大利亚,梅尔·吉布森,安德鲁·加菲尔德 Andrew Garfield /..,血战钢锯岭 / Hacksaw Ridge / 钢锯岭  /  钢铁英雄(台),剧情 传记 历史 战争,2016
140,美国,弗朗西斯·福特·科波拉,阿尔·帕西诺 A..,教父3 / The Godfather: Part III / 教父第三集  /  教父 III,剧情 犯罪,1990
141,英国,理查德·柯蒂斯,多姆纳尔·格里森 Domhnall Gl..,时空恋旅人 / About Time / 时空旅恋人  /  回到最爱的一天(港),喜剧 爱情 奇幻,2013
142,日本,宫崎骏,岛本须美 Sumi Shimamoto / 松田洋治 Y..,风之谷 / 風の谷のナウシカ / 风谷少女  /  Kaze no tani no Naushika,动画 奇幻 冒险,1984
143,英国 美国,Alfonso,丹尼尔·雷德克里夫 Daniel Radcliffe / Emma..,哈利·波特与阿兹卡班的囚徒 / Harry Potter and the Prisoner of Azkaban / 哈利波特3:阿兹卡班的逃犯(港 / 台),奇幻 冒险,2004
144,韩国,延尚昊,孔侑 Yoo Gong / 郑有美 Yu-mi Jung / 马..,釜山行 / 부산행 / 尸杀列车(港)  /  尸速列车(台),动作 惊悚 灾难,2016
145,美国,詹姆斯·温,雷·沃纳尔 Leigh Whannell / 加利·艾..,电锯惊魂 / Saw / 夺魂锯(台)  /  恐惧斗室(港),悬疑 惊悚 恐怖,2004
146,中国大陆,严定宪,梁正晖 Zhenghui ..,哪吒闹海 / Prince Nezha's Triumph Against Dragon King  /  Nezha Conquers the Dragon King,冒险 动画 奇幻,1979
147,巴西 法国,费尔南多·梅里尔斯,,上帝之城 / Cidade de Deus / 无主之城 (港)  /  无法无天 (台),犯罪 剧情,2002
148,美国,昆汀·塔伦蒂诺,杰米·福克斯 Jamie Foxx /..,被解救的姜戈 / Django Unchained / 被解放的姜戈  /  决杀令(台),剧情 动作 西部 冒险,2012
149,中国台湾 美国,李安,赵文瑄 Winston Chao / 郎雄 Sihung Lung / 归亚..,喜宴 / 囍宴 / The Wedding Banquet,剧情 喜剧 爱情 同性 家庭,1993
150,日本,黑泽明,三船敏郎 Toshirô Mifune / 志村乔 ..,七武士 / 七人の侍 / 七侠四义(港)  /  七剑客(港),动作 冒险 剧情,1954
151,中国香港,吴宇森,周润发 Yun-Fat Chow / 狄龙 Lung Ti / 张国..,英雄本色 / A Better Tomorrow  /  Gangland Boss,剧情 动作 犯罪,1986
152,美国,杰茜·尼尔森,Sean Penn / Dakota Fanning / Mi..,"我是山姆 / I Am Sam / 不一样的爸爸(港)  /  他不笨,他是我爸爸(台)",剧情 家庭,2001
153,美国 德国,保罗·格林格拉斯,马特·达蒙 Matt Damon / ..,谍影重重3 / The Bourne Ultimatum / 叛谍追击3:最后通牒(港)  /  神鬼认证:最后通牒 (台),动作 悬疑 惊悚,2007
154,中国香港 中国大陆,罗启锐,吴君如 Sandra Ng / 任达华 Simon Yam / 钟绍..,岁月神偷 / 歲月神偷 / 1969太空漫游  /  Echoes Of The Rainbow,剧情 家庭,2010
155,美国,史蒂文·斯皮尔伯格,泰伊·谢里丹 Tye Sheri..,头号玩家 / Ready Player One / 玩家一号  /  挑战者1号(港),动作 科幻 冒险,2018
156,瑞典,汉内斯·赫尔姆,罗夫·拉斯加德 Rolf Lassgård..,一个叫欧维的男人决定去死 / En man som heter Ove / 明天别再来敲门(台)  /  想死冇咁易(港),剧情,2015
157,中国香港,吴宇森,周润发 Yun-Fat Chow / 张国荣 Leslie Cheung..,纵横四海 / 緃横四海 / Once a Thief,剧情 喜剧 动作 犯罪,1991
158,美国 英国 德国,Chris,丹尼尔·雷德克里夫 Daniel Radcliffe / 艾玛..,哈利·波特与密室 / Harry Potter and the Chamber of Secrets / 哈利波特2:消失的密室(港 / 台),奇幻 冒险,2002
159,美国 英国,马丁·麦克唐纳,弗兰西斯·麦克多蒙德 France..,"三块广告牌 / Three Billboards Outside Ebbing, Missouri / 广告牌杀人事件(港)  /  意外(台)",剧情 犯罪,2017
160,美国,科克·德·米科,,疯狂原始人 / The Croods / 古鲁家族(港 / 台),喜剧 动画 冒险,2013
161,中国大陆,忻钰坤,霍卫民 Weimin Huo / 王笑天 Xiaotian Wang ..,心迷宫 / 殡棺  /  The Coffin in the Mountain,剧情 犯罪 悬疑,2014
162,美国,让-马克·瓦雷,马修·麦康纳 Matthew McCon..,达拉斯买家俱乐部 / Dallas Buyers Club / 续命枭雄(港)  /  药命俱乐部(台),剧情 传记 同性,2013
163,英国 南非 意大利,特瑞·乔治,唐·钱德尔 Don Cheadle / 苏菲·奥..,卢旺达饭店 / Hotel Rwanda / 卢安达饭店(台),剧情 传记 历史 战争,2004
164,日本,新海诚,神木隆之介 Ryûnosuke Kamiki / 上..,你的名字。 / 君の名は。 / 你的名字  /  君之名,剧情 爱情 动画,2016
165,中国香港,王家卫,梁朝伟 Tony Leung Chiu Wai / 张曼玉 Ma..,花样年华 / 花樣年華 / In the Mood for Love,剧情 爱情,2000
166,美国,克里斯托弗·诺兰,盖·皮尔斯 Guy Pearce /..,记忆碎片 / Memento / 凶心人(港)  /  记忆拼图(台),犯罪 剧情 悬疑 惊悚,2000
167,日本,高畑勋,,萤火虫之墓 / 火垂るの墓 / 再见萤火虫(港)  /  萤火挽歌,动画 剧情 战争,1988
168,阿根廷 西班牙,达米安·斯兹弗隆,达里奥·葛兰帝内提 Darío..,荒蛮故事 / Relatos salvajes / 蛮荒故事  /  生命中最抓狂的小事(台),剧情 喜剧 犯罪,2014
169,英国,丹尼·鲍尔,戴夫..,贫民窟的百万富翁 / Slumdog Millionaire / 一百万零一夜(港)  /  贫民百万富翁(台),剧情 爱情,2008
170,中国香港 中国台湾,王家卫,张国荣 Leslie Cheung / 林青霞 Brigitte..,东邪西毒 / 東邪西毒 / Ashes of Time,剧情 动作 爱情 武侠 古装,1994
171,英国 美国 法国,理查德·柯蒂斯,休·格兰特 Hugh Grant / 柯林..,"真爱至上 / Love Actually / 真的恋爱了(港)  /  爱是您,爱是我(台)",喜剧 剧情 爱情,2003
172,美国,达米恩·查泽雷,迈尔斯·特勒 Miles Teller /..,爆裂鼓手 / Whiplash / 鼓动真我(港)  /  进击的鼓手(台),剧情 音乐,2014
173,美国 澳大利亚,Andy,基努·里维斯 Keanu Reeves..,黑客帝国3:矩阵革命 / The Matrix Revolutions / 22世纪杀人网络3:惊变世纪(港)  /  骇客任务完结篇:最后战役(台),动作 科幻,2003
174,英国 美国,莫滕·泰杜姆,本尼迪克特·康伯巴奇 Benedict C..,模仿游戏 / The Imitation Game / 解码游戏(港)  /  模拟游戏,剧情 传记 战争 同性,2014
175,日本,Seijirô,山本圭 Kei Yamamoto / 井川比佐志 Hisa..,忠犬八公物语 / ハチ公物語 / 八千公物语  /  阿八的故事,剧情,1987
176,日本,今敏,岩男润子 Junko Iwao / 松本梨香 Rica Matsu..,未麻的部屋 / Perfect Blue / 蓝色恐惧(港 / 台),动画 奇幻 惊悚,1997
177,美国,达伦·阿罗诺夫斯基,娜塔莉·波特曼 Natalie..,黑天鹅 / Black Swan / 夺命黑天鹅  /  霸王别鹅(豆友译名),剧情 惊悚,2010
178,美国,彼特·道格特,,头脑特工队 / Inside Out / 玩转脑朋友(港)  /  脑筋急转弯(台),喜剧 动画 冒险,2015
179,韩国,朴勋政,李政宰 Jung-Jae Lee / 崔岷植 Min-sik..,新世界 / 신세계 / 暗黑新世界(台)  /  New World,剧情 犯罪,2013
180,日本,是枝裕和,绫濑遥 Haruka Ayase / 长泽雅美 M..,海街日记 / 海街diary / 海街女孩日记(港)  /  Kamakura Diary,剧情 家庭,2015
181,日本,藤森雅也,山口胜平 Kappei Yamaguchi / 爱河..,你看起来好像很好吃 / おまえうまそうだな / 你看起来很好吃(台)  /  你看上去好像很好吃,剧情 动画 儿童,2010
182,美国,瑞奇·莫尔,约翰·C·赖利 John C. Reilly / 萨拉..,无敌破坏王 / Wreck-It Ralph / 破坏王拉尔夫  /  破坏王大冒险,喜剧 动画 奇幻 冒险,2012
183,美国,巴瑞·莱文森,达斯汀·霍夫曼 Dustin Hoffman ..,雨人 / Rain Man / 手足情未了(港)  /  手足情深,剧情,1988
184,美国,卡洛斯·沙尔丹哈,,冰川时代 / Ice Age / 冰河世纪  /  冰原历险记,喜剧 动画 冒险,2002
185,美国,尼克·卡索维茨,瑞恩·高斯林 Ryan Gosling /..,恋恋笔记本 / The Notebook / 忘了·忘不了(港)  /  手札情缘(台),剧情 爱情,2004
186,美国,阿尔弗雷德·希区柯克,安东尼·博金斯 Antho..,惊魂记 / Psycho / 精神病患者  /  触目惊心(港),悬疑 惊悚 恐怖,1960
187,中国大陆,郭柯,,二十二 / Twenty Two  /  22,纪录片,2015
188,英国 澳大利亚,克里斯托弗·史密斯,梅利莎·乔治 Melissa ..,恐怖游轮 / Triangle / 汪洋血迷宮(台)  /  轮回三角,剧情 悬疑 惊悚,2009
189,美国,肯尼斯·罗纳根,卡西·阿弗莱克 Casey Affle..,海边的曼彻斯特 / Manchester by the Sea / 情系海边之城(港),剧情 家庭,2016
190,日本,是枝裕和,中川雅也 Lily Franky / 安藤樱 Sa..,小偷家族 / 万引き家族 / Shoplifters  /  Une Affaire de Famille,剧情 犯罪 家庭,2018
191,爱尔兰 加拿大 英国 美国,伦尼·阿伯拉罕森,布丽·拉尔森 Brie Larson..,房间 / Room / 不存在的房间(台)  /  抖室(港),剧情 家庭,2015
192,美国 中国香港,斯蒂芬·卓博斯基,雅各布·特伦布莱 Jacob Tr..,奇迹男孩 / Wonder / 奇迹,剧情 儿童 家庭,2017
193,美国,Frank,汤姆·汉克斯 Tom Hanks / 大卫·摩斯 David M..,绿里奇迹 / The Green Mile / 绿色奇迹(台)  /  绿色英里,犯罪 剧情 奇幻 悬疑,1999
194,日本,宫崎骏,高山南 Minami Takayama / 佐久间玲 Re..,魔女宅急便 / 魔女の宅急便 / 魔女琪琪(台)  /  小魔女限时专送,动画 奇幻 冒险,1989
195,美国,斯坦利·多南,吉恩·..,雨中曲 / Singin' in the Rain / 万花嬉春(港 / 台),喜剧 歌舞 爱情,1952
196,法国 英国,杰拉尔·乌里,路易·德·菲耐斯 Louis de Funès..,虎口脱险 / La grande vadrouille / 横冲直撞出重围(港)  /  大進擊(台),喜剧 战争,1966
197,中国大陆 中国香港,宁浩,,疯狂的石头 / Crazy Stone,喜剧 犯罪,2006
198,美国 希腊,理查德·林克莱特,伊桑·霍克 Ethan Hawke ..,爱在午夜降临前 / Before Midnight / 情约半生(港)  /  爱在午夜希腊时(台),剧情 爱情,2013
199,美国,史蒂文·斯皮尔伯格,海利·乔·奥斯蒙 Haley..,人工智能 / Artificial Intelligence: AI / AI人工智慧,剧情 科幻,2001
200,日本,黑泽明,三船敏郎 Toshirô Mifune / 京町子 ..,罗生门 / 羅生門 / Rashomon,剧情 犯罪 悬疑,1950
201,美国 法国,詹姆斯·卡梅隆,阿诺·施瓦辛格 Arnold Schwarz..,终结者2:审判日 / Terminator 2: Judgment Day / 终结者2  /  终结者2:末日审判,动作 科幻,1991
202,泰国,普特鹏·普罗萨卡·那·萨克那卡林,,初恋这件小事 / สิ่งเล็กเล็กที่เรียกว่า...รัก / 初恋那件小事(港)  /  暗恋那点小事,剧情 喜剧 爱情,2010
203,中国大陆 中国香港,陆川,多布杰 Duobujie / 张磊 Lei Zhang / 亓亮 Qi L..,可可西里 / Kekexili: Mountain Patrol,剧情 犯罪,2004
204,英国 美国,斯坦利·库布里克,凯尔·杜拉 Keir Dullea / ..,2001太空漫游 / 2001: A Space Odyssey / 2001:星际漫游  /  2001:太空奥德赛,科幻 惊悚 冒险,1968
205,美国,茂文·勒鲁瓦,费雯·丽 Vivien Leigh / 罗伯特·..,魂断蓝桥 / Waterloo Bridge / 滑铁卢桥  /  断桥残梦,剧情 爱情 战争,1940
206,法国 瑞士 西班牙 美国 阿联酋,雅克·贝汉,,海洋 / Océans / Oceans  /  海洋,纪录片,2009
207,美国,Charles,查理·卓别林 Charles Chaplin / 弗吉尼亚·..,城市之光 / City Lights / City Lights: A Comedy Romance in Pantomime  /  Lichter der Großstadt,喜剧 剧情 爱情,1931
208,中国台湾,杨德昌,张震 Chen Chang / 杨静怡 Lisa Yang / 张..,牯岭街少年杀人事件 / 牯嶺街少年殺人事件 / A Brighter Summer Day,剧情 犯罪,1991
209,美国,爱德华·兹威克,布拉德·皮特 Brad Pitt / 安东..,燃情岁月 / Legends of the Fall / 秋日传奇  /  真爱一世情(台),剧情 爱情 战争 西部,1994
210,中国台湾 中国大陆 美国 中国香港,李安,梁朝伟 Tony Leung Chiu Wai / 汤唯 Wei Tang / ..,"色,戒 / 色|戒  /  色·戒",剧情 爱情 情色,2007
211,日本,细田守,仲里依纱 Riisa Naka / 石田卓也 Takuya..,穿越时空的少女 / 時をかける少女 / 跳跃吧!时空少女(台)  /  Toki o kakeru shôjo,剧情 爱情 科幻 动画,2006
212,中国香港 中国大陆,李惠民,张曼玉 Maggie Cheung / 林青霞 Brigitte ..,新龙门客栈 / 新龍門客棧 / New Dragon Gate Inn,动作 爱情 武侠 古装,1992
213,中国香港 中国大陆,徐克,张曼玉 Maggie Cheung / 王祖贤 Joey Wang / ..,青蛇 / Green Snake,剧情 爱情 奇幻 古装,1993
214,美国 加拿大,邓肯·琼斯,杰克·吉伦哈尔 Jake Gyllenhaal / ..,源代码 / Source Code / 启动原始码(台)  /  危机解密(港),科幻 悬疑 惊悚,2011
215,德国 美国,Quentin,布拉德·皮特 Brad Pitt / 梅拉尼·罗兰 M..,无耻混蛋 / Inglourious Basterds / 希魔撞正杀人狂(港)  /  恶棍特工(台),剧情 犯罪,2009
216,英国 美国,Mike,,哈利·波特与火焰杯 / Harry Potter and the Goblet of Fire / 哈利波特4:火杯的考验(港 / 台),奇幻 冒险,2005
217,意大利,保罗·格诺维瑟,马可·贾利尼 Marco Giallini ..,完美陌生人 / Perfetti sconosciuti / 完美谎情(港)  /  波动的信息分享,剧情 喜剧,2016
218,美国,罗伯·莱纳,杰克·尼科尔森 Jack Nicholson / 摩根..,遗愿清单 / The Bucket List / 玩转身前事(港)  /  一路玩到挂(台),冒险 喜剧 剧情,2007
219,中国香港,王晶,周星驰 Stephen Chow / 吴孟达 Man Tat Ng / ..,九品芝麻官 / 九品芝麻官之白面包青天  /  Hail the Judge,剧情 喜剧 古装,1994
220,中国香港,王家卫,张国荣 Leslie Cheung / 张曼玉 Maggie C..,阿飞正传 / 阿飛正傳 / Days of Being Wild,犯罪 剧情 爱情,1990
221,中国台湾,黄信尧,庄益增 Yizeng Zhuang / 陈竹昇 Chu-sh..,大佛普拉斯 / The Great Buddha+,剧情 喜剧,2017
222,美国 德国,爱德华·兹威克,莱昂纳多·迪卡普里奥 Leonardo ..,血钻 / Blood Diamond / 血钻石(台)  /  血腥钻石,剧情 惊悚 冒险,2006
223,美国 德国,保罗·格林格拉斯,马特·达蒙 Matt Damon / ..,谍影重重2 / The Bourne Supremacy / 叛谍追击2:机密圈套(港)  /  神鬼认证:神鬼疑云(台),动作 悬疑 惊悚,2004
224,印度,阿米尔·汗,达席尔·萨法瑞 Darsheel Safary / 阿..,地球上的星星 / Taare Zameen Par / 心中的小星星(台)  /  每一个孩子都是特别的,剧情 儿童 家庭,2007
225,德国 法国 西班牙 美国,汤姆·提克威,本·卫肖 Ben Whishaw / 艾伦·瑞克..,香水 / Perfume: The Story of a Murderer / 香水:一个杀人犯的故事  /  香水:一个谋杀犯的故事,剧情 犯罪 奇幻,2006
226,澳大利亚 美国,乔治·米勒,汤姆·哈迪 Tom Hardy / 查理兹·塞..,疯狂的麦克斯4:狂暴之路 / Mad Max: Fury Road / 末日先锋:战甲飞车(港)  /  疯狂麦斯:愤怒道(台),动作 科幻 冒险,2015
227,日本,是枝裕和,阿部宽 Hiroshi Abe / 夏川结衣 Yu..,步履不停 / 歩いても 歩いても / 横山家之味(港 / 台),剧情 家庭,2008
228,美国 法国,安德鲁·尼科尔,尼古拉斯·凯奇 Nicolas Cage /..,战争之王 / Lord of War / 军火之王(台 / 港),剧情 犯罪,2005
229,美国 德国 捷克,道格·里曼,马特·达蒙 Matt Damon / 弗兰卡·波坦..,谍影重重 / The Bourne Identity / 叛谍追击(港)  /  神鬼认证(台),动作 悬疑 惊悚,2002
230,美国 英国,詹姆斯·沃德·布柯特,艾米丽·芭尔多尼 Em..,彗星来的那一夜 / Coherence / 相干性  /  相干效应,科幻 悬疑 惊悚,2013
231,英国,丹尼·博伊尔,伊万·麦克格雷格 Ewan McGregor / ..,猜火车 / Trainspotting / 迷幻列车(港)  /  定位的火车,剧情 犯罪,1996
232,英国 美国,布莱恩·辛格,拉米·马雷克 Rami Malek / 本·哈..,波西米亚狂想曲 / Bohemian Rhapsody / 波希米亚狂想曲:摇滚传说(港)  /  波希米亚狂想曲(台),剧情 传记 同性 音乐,2018
233,美国 德国,史蒂芬·戴德利,凯特·温丝莱特 Kate Winslet ..,朗读者 / The Reader / 为爱朗读(台)  /  读爱(港),剧情 爱情,2008
234,德国,丹尼斯·甘塞尔,尤尔根·沃格尔 Jürgen Vogel ..,浪潮 / Die Welle / 恶魔教室(台)  /  白恤暴潮(港),剧情 惊悚,2008
235,印度,卡比尔·汗,萨尔曼·汗 Salman Khan / 哈莎莉·马..,小萝莉的猴神大叔 / Bajrangi Bhaijaan / 娃娃返乡任务(台)  /  宝莱坞之钢铁奶爸(台),剧情 喜剧 动作,2015
236,美国,约翰·卡尼,凯拉·奈特莉 Keira Knightley / 马克..,再次出发之纽约遇见你 / Begin Again / 再次出发  /  歌曲改变人生,喜剧 爱情 音乐,2013
237,日本,小津安二郎,笠智众 Chishû Ryû / 原节..,东京物语 / 東京物語 / 东京故事  /  东京纪行,剧情 家庭,1953
238,中国大陆,周申,任素汐 Suxi Ren / 大力 Da Li ..,驴得水 / Mr. Donkey,剧情 喜剧,2016
239,美国,托马斯·麦卡锡,马克·鲁弗洛 Mark Ruffalo /..,聚焦 / Spotlight / 焦点追击(港)  /  惊爆焦点(台),剧情 传记,2015
240,英国,克里斯托弗·诺兰,杰里米·西奥伯德 Jeremy..,追随 / Following / 跟踪(台)  /  致命追踪,犯罪 悬疑 惊悚,1998
241,美国,安德鲁·尼科尔,伊桑·霍克 Ethan Hawke / 乌玛..,千钧一发 / Gattaca / 变种异煞(港)  /  自然人,剧情 科幻 惊悚,1997
242,韩国,秋昌民,宋在河 Jae-ho Song / 李顺载 Soon-jae..,"我爱你 / 그대를 사랑합니다 / 爱你  /  爱,是一生相伴(台)",剧情 爱情,2011
243,伊朗 法国,阿斯哈·法哈蒂,佩曼·莫阿迪 Peyman Moadi /..,一次别离 / جدایی نادر از سیمین / 伊朗式分居(港)  /  分居风暴(台),剧情 家庭,2011
244,美国,雷德利·斯科特,乔什·哈奈特 Josh Hartnett / ..,黑鹰坠落 / Black Hawk Down / 黑鹰15小时(港)  /  黑鹰计划(台),动作 历史 战争,2001
245,美国 澳大利亚,Andy,基努·里维斯 Keanu Reeves..,黑客帝国2:重装上阵 / The Matrix Reloaded / 22世纪杀人网络2:决战未来(港)  /  骇客任务:重装上阵(台),动作 科幻,2003
246,美国 俄罗斯,阿尼什·查甘蒂,约翰·赵 John Cho / 米切尔..,网络谜踪 / Searching / 人肉搜寻(港)  /  人肉搜索(台),剧情 犯罪 悬疑 惊悚,2018
247,英国 美国,Stanley,Malcolm McDowell / Patrick Magee / Michael..,发条橙 / A Clockwork Orange / 发条桔子  /  发条橙子,犯罪 剧情 科幻,1971
248,中国大陆,陆庆屹,陆运坤 Yunkun Lu / 李桂贤 Guixian Li / ..,四个春天 / Four Springs,纪录片 家庭,2017
249,美国,史蒂文·斯皮尔伯格,亨利·托马斯 Henry Tho..,E.T. 外星人 / E.T.: The Extra-Terrestrial / 外星人E.T.  /  外星人,剧情 科幻,1982
